регион,место,ИНН,название,ОКВЭД,выручка_млн_руб,год,адрес,пометка
Москва,1,7713744622,"ОБЩЕСТВО С ОГРАНИЧЕННОЙ ОТВЕТСТВЕННОСТЬЮ ""ПИРРОГРУПП""",31.09,4821,2025,"МОСКВА, БОЛЬШОЙ КАРЕТНЫЙ, 8",
Москва,2,7716897377,"ОБЩЕСТВО С ОГРАНИЧЕННОЙ ОТВЕТСТВЕННОСТЬЮ ""ЛОФТМЕБЕЛЬ""",31.09,3927,2025,"МОСКВА, СНЕЖНАЯ, 17",
Москва,3,3328006739,"ОБЩЕСТВО С ОГРАНИЧЕННОЙ ОТВЕТСТВЕННОСТЬЮ ""БЭСТ-МЕБЕЛЬ"" ",31.09,3882,2025,"МОСКВА, МАРЕСЬЕВА, 6",
Москва,4,7718541947,"ОБЩЕСТВО С ОГРАНИЧЕННОЙ ОТВЕТСТВЕННОСТЬЮ ""ТАЙПИТ-МЕБЕЛЬНАЯ КОМПАНИЯ""",31.01,3094,2025,"МОСКВА, ГОРБУНОВА, 2",
Москва,5,1655395785,"ОБЩЕСТВО С ОГРАНИЧЕННОЙ ОТВЕТСТВЕННОСТЬЮ ""СОЮЗ-М""",31.01,2515,2025,"МОСКВА, МИНСКАЯ, 2",
Москва,6,7724376530,"ОБЩЕСТВО С ОГРАНИЧЕННОЙ ОТВЕТСТВЕННОСТЬЮ ""ТРЕЙДО""",31.01,1619,2024,"МОСКВА, БИРЮЛЁВСКАЯ, 24",
Москва,7,7722727990,"ОБЩЕСТВО С ОГРАНИЧЕННОЙ ОТВЕТСТВЕННОСТЬЮ ""ГРУППА СВК""",31.01,1538,2025,"МОСКВА, КУТУЗОВСКИЙ, 34",
Москва,8,7726723757,"ОБЩЕСТВО С ОГРАНИЧЕННОЙ ОТВЕТСТВЕННОСТЬЮ ""ПРОИЗВОДСТВЕННАЯ КОМПАНИЯ ЛИДЕР""",31.09,1368,2025,"МОСКВА, 1-Й ДОРОЖНЫЙ, 9",
Москва,9,9717105606,"ОБЩЕСТВО С ОГРАНИЧЕННОЙ ОТВЕТСТВЕННОСТЬЮ ""ОЗЗО""",31.01,1277,2025,"МОСКВА, МИРА, 102",
Москва,10,7702848570,"ОБЩЕСТВО С ОГРАНИЧЕННОЙ ОТВЕТСТВЕННОСТЬЮ ""ЭТАЛОНМЕБЕЛЬ""",31.01,1018,2025,"МОСКВА, ВЕРХНЯЯ КРАСНОСЕЛЬСКАЯ, 11А",
Москва,11,9710075430,"ОБЩЕСТВО С ОГРАНИЧЕННОЙ ОТВЕТСТВЕННОСТЬЮ ""ВЕКТОР""",31.09,1009,2025,"МОСКВА, НИЖНИЕ ПОЛЯ, 15",
Москва,12,7714935789,"ОБЩЕСТВО С ОГРАНИЧЕННОЙ ОТВЕТСТВЕННОСТЬЮ ""ВЕРСАЛЬ""",31.01,1007,2025,"МОСКВА, КРЖИЖАНОВСКОГО, 15",
Москва,13,7709220665,"ОБЩЕСТВО С ОГРАНИЧЕННОЙ ОТВЕТСТВЕННОСТЬЮ ""ЕВРОПЛАК""",31.01,1006,2025,"МОСКВА, ГОРБУНОВА, 2",
Москва,14,7743027051,"ОБЩЕСТВО С ОГРАНИЧЕННОЙ ОТВЕТСТВЕННОСТЬЮ ""МЕБЕЛЬНАЯ ФАБРИКА ""МАРТА""",31.09,986,2025,"МОСКВА, АВТОМОТОРНАЯ, 6Б",
Москва,15,7708734280,"ОБЩЕСТВО С ОГРАНИЧЕННОЙ ОТВЕТСТВЕННОСТЬЮ ""К.С.БЮРО""",31.09,908,2025,"МОСКВА, БОЛЬШОЙ САВВИНСКИЙ, 12",
Москва,16,7703790764,"ОБЩЕСТВО С ОГРАНИЧЕННОЙ ОТВЕТСТВЕННОСТЬЮ ""ДИДИЭЙ ПРОДАКШН""",31.01,897,2025,"МОСКВА, МАРШАЛА РЫБАЛКО, 2",торговое оборудование/витрины — прямой покупатель стекла
Москва,17,5036039177,"ОБЩЕСТВО С ОГРАНИЧЕННОЙ ОТВЕТСТВЕННОСТЬЮ ""ИЛКОН""",31.01,864,2025,"МОСКВА, 1-Й КРАСКОВСКИЙ, 38А",
Москва,18,5262384709,"ОБЩЕСТВО С ОГРАНИЧЕННОЙ ОТВЕТСТВЕННОСТЬЮ ""МВМ""",31.09,843,2025,"МОСКВА, ТОЛБУХИНА, 11",
Москва,19,7717712653,"ОБЩЕСТВО С ОГРАНИЧЕННОЙ ОТВЕТСТВЕННОСТЬЮ ""МЭЙК""",31.01,816,2025,"МОСКВА, НАГАТИНСКАЯ, 2",
Москва,20,7720371072,"ОБЩЕСТВО С ОГРАНИЧЕННОЙ ОТВЕТСТВЕННОСТЬЮ ""СТАНДАРТ""",31.01,786,2025,"МОСКВА, ПЕРОВСКАЯ, 61/2",
Москва,21,7724443031,"ОБЩЕСТВО С ОГРАНИЧЕННОЙ ОТВЕТСТВЕННОСТЬЮ ""ТРАНСПОРТНЫЕ ИНТЕРЬЕРЫ""",31.01,761,2025,"МОСКВА, КИРПИЧНЫЕ ВЫЕМКИ, 2","похоже, стекло не покупает — проверить"
Москва,22,9703118475,"ОБЩЕСТВО С ОГРАНИЧЕННОЙ ОТВЕТСТВЕННОСТЬЮ ""ДОМУС-МЕБЕЛЬ""",31.01,750,2024,"МОСКВА, ПРЕСНЕНСКАЯ, 10",
Москва,23,9724035886,"ОБЩЕСТВО С ОГРАНИЧЕННОЙ ОТВЕТСТВЕННОСТЬЮ ""ГРЮНВАЛЬД""",31.01,750,2025,"МОСКВА, ВОСТРЯКОВСКИЙ, 10Б",
Москва,24,7721841524,"ОБЩЕСТВО С ОГРАНИЧЕННОЙ ОТВЕТСТВЕННОСТЬЮ ""КОМФОРУМ""",31.01,706,2025,"МОСКВА, РЯЗАНСКИЙ, 86/1",
Москва,25,7724443514,"ОБЩЕСТВО С ОГРАНИЧЕННОЙ ОТВЕТСТВЕННОСТЬЮ ""ДАБЛ ДИ ЭДЖЕНСИ""",31.01,698,2025,"МОСКВА, ХЛЕБОЗАВОДСКИЙ, 7",торговое оборудование/витрины — прямой покупатель стекла
Москва,26,7704462438,"ОБЩЕСТВО С ОГРАНИЧЕННОЙ ОТВЕТСТВЕННОСТЬЮ ""ГАММА-МЕБЕЛЬ""",31.01,693,2025,"МОСКВА, БАРЫКОВСКИЙ, 4",
Москва,27,7715811377,"ОБЩЕСТВО С ОГРАНИЧЕННОЙ ОТВЕТСТВЕННОСТЬЮ ""АНТЭК""",31.09,685,2025,"МОСКВА, ТИХОМИРОВА, 17",
Москва,28,9725052299,"ОБЩЕСТВО С ОГРАНИЧЕННОЙ ОТВЕТСТВЕННОСТЬЮ ""КРОВАТИ.РУ""",31.01,671,2025,"МОСКВА, ЛЕНИНГРАДСКИЙ, 57","похоже, стекло не покупает — проверить"
Москва,29,9701011141,"ОБЩЕСТВО С ОГРАНИЧЕННОЙ ОТВЕТСТВЕННОСТЬЮ ""АРТ-СИТИ ГРУПП""",31.01,662,2025,"МОСКВА, ЭНТУЗИАСТОВ, 34",
Москва,30,7726459767,"ОБЩЕСТВО С ОГРАНИЧЕННОЙ ОТВЕТСТВЕННОСТЬЮ ПК ""ТЕХНОГРУПП""",31.01,646,2025,"МОСКВА, ДОРОЖНАЯ, 3",
Москва,31,7717689852,"ОБЩЕСТВО С ОГРАНИЧЕННОЙ ОТВЕТСТВЕННОСТЬЮ ""НАМИ""",31.01,639,2025,"МОСКВА, ДМИТРОВСКОЕ, 163А",
Москва,32,7736323010,"ОБЩЕСТВО С ОГРАНИЧЕННОЙ ОТВЕТСТВЕННОСТЬЮ ""БМ ГРУПП""",31.09,622,2025,"МОСКВА, ВЕРНАДСКОГО, 29",
Москва,33,7735098450,"ОБЩЕСТВО С ОГРАНИЧЕННОЙ ОТВЕТСТВЕННОСТЬЮ ""СОКОЛ-Т""",31.09,615,2025,"МОСКВА, ЗЕЛЕНОГРАД, САВЁЛКИНСКИЙ, 4",
Москва,34,7704459837,"ОБЩЕСТВО С ОГРАНИЧЕННОЙ ОТВЕТСТВЕННОСТЬЮ ""К.С.АВТО""",31.09,605,2025,"МОСКВА, БОЛЬШОЙ САВВИНСКИЙ, 12","похоже, стекло не покупает — проверить"
Москва,35,5074024767,"ОБЩЕСТВО С ОГРАНИЧЕННОЙ ОТВЕТСТВЕННОСТЬЮ ""ДОМОТЕКА""",31.02,591,2025,"МОСКВА, КРАСНОПАХОРСКИЙ, КРАСНАЯ ПАХРА, 27",
Москва,36,7716884089,"ОБЩЕСТВО С ОГРАНИЧЕННОЙ ОТВЕТСТВЕННОСТЬЮ ""САНСТАР""",31.01,587,2025,"МОСКВА, ЛЁТЧИКА БАБУШКИНА, 1",
Москва,37,9728031970,"ОБЩЕСТВО С ОГРАНИЧЕННОЙ ОТВЕТСТВЕННОСТЬЮ ""ДИСПЛЕЙ-АРТ""",31.01,575,2025,"МОСКВА, НОВОЯСЕНЕВСКИЙ, 32",торговое оборудование/витрины — прямой покупатель стекла
Москва,38,7730256939,"ОБЩЕСТВО С ОГРАНИЧЕННОЙ ОТВЕТСТВЕННОСТЬЮ ""МЕБЕЛЬНАЯ ФАБРИКА ЛЕПОТА""",31.01,527,2025,"МОСКВА, 60-ЛЕТИЯ ОКТЯБРЯ, 9",
Москва,39,9723133182,"ОБЩЕСТВО С ОГРАНИЧЕННОЙ ОТВЕТСТВЕННОСТЬЮ ""КВАДРО""",31.02.1,525,2024,"МОСКВА, 5-Я КОЖУХОВСКАЯ, 9",
Москва,40,7713326907,"ОБЩЕСТВО С ОГРАНИЧЕННОЙ ОТВЕТСТВЕННОСТЬЮ  ""ТОРГОВО-ПРОИЗВОДСТВЕННАЯ КОМПАНИЯ ""ОЛМА-МЕБЕЛЬ""",31.01,523,2025,"МОСКВА, КОСМОНАВТА ВОЛКОВА, 22",
МО,1,5050164821,"АКЦИОНЕРНОЕ ОБЩЕСТВО ""МСК-1""",31.02,11104,2025,"МОСКОВСКАЯ, ЩЁЛКОВО, ЗАРЕЧНАЯ, 117В",
МО,2,5029042443,"ОБЩЕСТВО С ОГРАНИЧЕННОЙ ОТВЕТСТВЕННОСТЬЮ ""ЖИВЫЕ ДИВАНЫ""",31.09,9514,2025,"МОСКОВСКАЯ, МЫТИЩИ, ОЛИМПИЙСКИЙ, 13","похоже, стекло не покупает — проверить"
МО,3,5047077270,"ОБЩЕСТВО С ОГРАНИЧЕННОЙ ОТВЕТСТВЕННОСТЬЮ ""ПАКС-ТРЕЙД""",31.01,4543,2025,"МОСКОВСКАЯ, ХИМКИ, ГОРНАЯ, 21А",
МО,4,5049007736,"АКЦИОНЕРНОЕ ОБЩЕСТВО ""МЕБЕЛЬНАЯ КОМПАНИЯ ""ШАТУРА""",31.09,3449,2025,"МОСКОВСКАЯ, ШАТУРА, БОТИНСКИЙ, 37",
МО,5,7720525156,"ОБЩЕСТВО С ОГРАНИЧЕННОЙ ОТВЕТСТВЕННОСТЬЮ ""МЕТАЛЛ-ЗАВОД""",31.01,2915,2025,"МОСКОВСКАЯ, Одинцово, ЖЕЛЕЗНОДОРОЖНАЯ, 1А",
МО,6,7710001467,"ОБЩЕСТВО С ОГРАНИЧЕННОЙ ОТВЕТСТВЕННОСТЬЮ ""АРТИС 21""",31.09,2242,2025,"МОСКОВСКАЯ, ХИМКИ, ЕЛИНО, ЛЕТНЯЯ, 1",
МО,7,4004019627,"ОБЩЕСТВО С ОГРАНИЧЕННОЙ ОТВЕТСТВЕННОСТЬЮ ""КЛИНСКИЙ МЕБЕЛЬНЫЙ КОМБИНАТ""",31.09,2231,2025,"МОСКОВСКАЯ, КЛИН, ИЛЬИНСКАЯ СЛОБОДКА, 30А",
МО,8,5032283110,"ОБЩЕСТВО С ОГРАНИЧЕННОЙ ОТВЕТСТВЕННОСТЬЮ ""ЗЕНИТ РИТЕЙЛ СОЛЮШНС""",31.01,2082,2025,"МОСКОВСКАЯ, ОДИНЦОВО, БОЛЬШИЕ ВЯЗЁМЫ, ГОРОДОК-17, ВЛАДЕНИЕ 15",торговое оборудование/витрины — прямой покупатель стекла
МО,9,5007055230,"ОБЩЕСТВО С ОГРАНИЧЕННОЙ ОТВЕТСТВЕННОСТЬЮ ""ДМИТРОВСКИЙ МЕБЕЛЬНЫЙ КОМБИНАТ""",31.09,1614,2025,"МОСКОВСКАЯ, ДМИТРОВ, БИРЛОВО ПОЛЕ, 18",
МО,10,5050090009,"ОБЩЕСТВО С ОГРАНИЧЕННОЙ ОТВЕТСТВЕННОСТЬЮ ""ЧЕТЫРЕ А""",31.09,1448,2025,"МОСКОВСКАЯ, Фрязино, ЗАВОДСКОЙ, 3",
МО,11,7734419126,"ОБЩЕСТВО С ОГРАНИЧЕННОЙ ОТВЕТСТВЕННОСТЬЮ ""ТЕХНОЛОГИИ ПТ""",31.01,1335,2025,"МОСКОВСКАЯ, ДОМОДЕДОВО, ПАБЛИК ПРОПЕРТИ, 1",
МО,12,5050086059,"ОБЩЕСТВО С ОГРАНИЧЕННОЙ ОТВЕТСТВЕННОСТЬЮ ""ФОРМА СТИЛЬ""",31.09,1330,2025,"МОСКОВСКАЯ, ЛОСИНО-ПЕТРОВСКИЙ, ПЕРВОМАЙСКАЯ, 1",
МО,13,7810811070,"ОБЩЕСТВО С ОГРАНИЧЕННОЙ ОТВЕТСТВЕННОСТЬЮ ""КОМФОРТ-ПИТЕР""",31.01,1229,2025,"МОСКОВСКАЯ, СЕРГИЕВ ПОСАД, ЛЕСХОЗА, 30",
МО,14,5034053190,"ОБЩЕСТВО С ОГРАНИЧЕННОЙ ОТВЕТСТВЕННОСТЬЮ ""ХОЛЬЦ"" ",31.09,1211,2025,"МОСКОВСКАЯ, ОРЕХОВО-ЗУЕВО, ДЗЕРЖИНСКОГО, 34",
МО,15,5044073333,"ОБЩЕСТВО С ОГРАНИЧЕННОЙ ОТВЕТСТВЕННОСТЬЮ ""ДЕКОР""",31.09,1158,2025,"МОСКОВСКАЯ, СОЛНЕЧНОГОРСК, КРАСНОАРМЕЙСКАЯ, 8",
МО,16,5027139619,"ОБЩЕСТВО С ОГРАНИЧЕННОЙ ОТВЕТСТВЕННОСТЬЮ ""КУХНИ ТРИВОЛИ""",31.02,1122,2025,"МОСКОВСКАЯ, ЛЮБЕРЦЫ, МАЛАХОВКА, ЛЕСОПИТОМНИК, 26",
МО,17,7703555714,"АКЦИОНЕРНОЕ ОБЩЕСТВО ""ИНТРАК""",31.01,1099,2025,"МОСКОВСКАЯ, СТУПИНО, ПРОМЫШЛЕННАЯ, 15",
МО,18,7707035265,"ОБЩЕСТВО С ОГРАНИЧЕННОЙ ОТВЕТСТВЕННОСТЬЮ ""КРАСНАЯ ЛИНИЯ""",31.01,1005,2025,"МОСКОВСКАЯ, ЛЮБЕРЦЫ, ТОМИЛИНО, ГАРШИНА, 26Б",
МО,19,5050046948,"ОБЩЕСТВО С ОГРАНИЧЕННОЙ ОТВЕТСТВЕННОСТЬЮ ""ДАМЕТЕКС""",31.09,907,2025,"МОСКОВСКАЯ, ЛОСИНО-ПЕТРОВСКИЙ, ПЕРВОМАЙСКАЯ, 1",
МО,20,7720668789,"ОБЩЕСТВО С ОГРАНИЧЕННОЙ ОТВЕТСТВЕННОСТЬЮ ""ХОББИКА""",31.0,779,2025,"МОСКОВСКАЯ, ЭЛЕКТРОСТАЛЬ, НОВЫЕ ДОМА, 8Г",
МО,21,3123105457,"ОБЩЕСТВО С ОГРАНИЧЕННОЙ ОТВЕТСТВЕННОСТЬЮ ""ЭСТЕТИКА""",31.09,777,2025,"МОСКОВСКАЯ, ШАТУРА, СОВЕТСКАЯ, 46/1",
МО,22,7734387957,"ОБЩЕСТВО С ОГРАНИЧЕННОЙ ОТВЕТСТВЕННОСТЬЮ ""ЮНИСТАЙЛ""",31.09,772,2025,"МОСКОВСКАЯ, КРАСНОГОРСК, НАХАБИНО, ИНСТИТУТСКАЯ, 1",
МО,23,5038076819,"ОБЩЕСТВО С ОГРАНИЧЕННОЙ ОТВЕТСТВЕННОСТЬЮ ""МК СТР""",31.01,644,2025,"МОСКОВСКАЯ, ПУШКИНО, ПРАВДИНСКИЙ, СТЕПАНЬКОВСКОЕ, 31А",
МО,24,5050126463,"ОБЩЕСТВО С ОГРАНИЧЕННОЙ ОТВЕТСТВЕННОСТЬЮ ""МОДЕР ОФИСНАЯ МЕБЕЛЬ"" ",31.01,590,2025,"МОСКОВСКАЯ, ОДИНЦОВО, АКУЛОВСКАЯ, 2",
МО,25,5018158252,"ОБЩЕСТВО С ОГРАНИЧЕННОЙ ОТВЕТСТВЕННОСТЬЮ ""МЕБЕЛЬ ИМПЭКС ОПТ""",31.09,565,2025,"МОСКОВСКАЯ, КОРОЛЁВ, МАЯКОВСКОГО, 2",
МО,26,5044085177,"ОБЩЕСТВО С ОГРАНИЧЕННОЙ ОТВЕТСТВЕННОСТЬЮ ""МЕЛАНИЯ""",31.0,551,2025,"МОСКОВСКАЯ, ХИМКИ, РУЗИНО, МАЛИНСКАЯ, 2",
МО,27,5044047911,"ОБЩЕСТВО С ОГРАНИЧЕННОЙ ОТВЕТСТВЕННОСТЬЮ ""ФАБРИКА ШКОЛЬНОЙ МЕБЕЛИ №1""",31.01,507,2025,"МОСКОВСКАЯ, СОЛНЕЧНОГОРСК, ОБУХОВСКАЯ, 46А",
МО,28,9715289771,"ОБЩЕСТВО С ОГРАНИЧЕННОЙ ОТВЕТСТВЕННОСТЬЮ ""СИТИМАФ""",31.09,497,2025,"МОСКОВСКАЯ, Одинцово, САДОВАЯ, 3Б",
МО,29,7734707903,"ОБЩЕСТВО С ОГРАНИЧЕННОЙ ОТВЕТСТВЕННОСТЬЮ ""ВЕРТЕ""",31.01,487,2025,"МОСКОВСКАЯ, РАМЕНСКОЕ, 4-Й КМ ДОНИНСКОЕ, 3",
МО,30,5032213258,"ОБЩЕСТВО С ОГРАНИЧЕННОЙ ОТВЕТСТВЕННОСТЬЮ ""МЕБЕЛЬНАЯ КОМПАНИЯ ТАЛАНТ""",31.01,482,2025,"МОСКОВСКАЯ, ОДИНЦОВО, АКУЛОВСКАЯ, 2",
МО,31,5027089380,"ОБЩЕСТВО С ОГРАНИЧЕННОЙ ОТВЕТСТВЕННОСТЬЮ ""ВУД МАРКЕТ""",31.09,480,2025,"МОСКОВСКАЯ, ЛЮБЕРЦЫ, ТОМИЛИНО, ГАРШИНА, 26Б",
МО,32,9704117322,"ОБЩЕСТВО С ОГРАНИЧЕННОЙ ОТВЕТСТВЕННОСТЬЮ ""ПРОМ ИНВЕСТ""",31.09,475,2025,"МОСКОВСКАЯ, ДОМОДЕДОВО, 58-Й, 6",
МО,33,7720511481,"ОБЩЕСТВО С ОГРАНИЧЕННОЙ ОТВЕТСТВЕННОСТЬЮ ""ОРГСПЕЙС""",31.01,454,2025,"МОСКОВСКАЯ, ДМИТРОВ, НИКОЛЬСКОЕ, 170",
МО,34,5050098640,"ОБЩЕСТВО С ОГРАНИЧЕННОЙ ОТВЕТСТВЕННОСТЬЮ ""МЕБЕЛЬ ВИТАЛИ""",31.01,453,2025,"МОСКОВСКАЯ, ЩЁЛКОВО, БРАВАРСКАЯ, 100",
МО,35,3316018419,"ОБЩЕСТВО С ОГРАНИЧЕННОЙ ОТВЕТСТВЕННОСТЬЮ ""ЭЙ ЭНД  ДЖИ""",31.01,450,2025,"МОСКОВСКАЯ, ЭЛЕКТРОСТАЛЬ, РАБОЧАЯ, 35А",
МО,36,7719247232,"ОБЩЕСТВО С ОГРАНИЧЕННОЙ ОТВЕТСТВЕННОСТЬЮ ""ВЕНТАЛЛ АРТ""",31.09,445,2025,"МОСКОВСКАЯ, ОДИНЦОВО, ГОЛИЦЫНО, ПЕТРОВСКОЕ, 52",
МО,37,5032239190,"ОБЩЕСТВО С ОГРАНИЧЕННОЙ ОТВЕТСТВЕННОСТЬЮ ""НИКАРТ""",31.09,445,2025,"МОСКОВСКАЯ, ОДИНЦОВСКИЙ, ГОЛИЦЫНО, ПЕТРОВСКОЕ, 52",
МО,38,7720401270,"ОБЩЕСТВО С ОГРАНИЧЕННОЙ ОТВЕТСТВЕННОСТЬЮ ""ТИТАН МЕТА""",31.01,445,2025,"МОСКОВСКАЯ, Электросталь, КАРЛА МАРКСА, 42",
МО,39,5053043423,"ОБЩЕСТВО С ОГРАНИЧЕННОЙ ОТВЕТСТВЕННОСТЬЮ ""ЭНЕРГЕТИК""",31.09,406,2025,"МОСКОВСКАЯ, ЭЛЕКТРОСТАЛЬ, ЭНЕРГЕТИКОВ, 3",
МО,40,7722800552,"ОБЩЕСТВО С ОГРАНИЧЕННОЙ ОТВЕТСТВЕННОСТЬЮ ""АСБ-МЕБЕЛЬ""",31.09,404,2025,"МОСКОВСКАЯ, ЩЁЛКОВО, ЗАРЕЧНАЯ, 141Н",
